"politician","dbpedia","party_label","birthDate","deathDate","successor_label","religion_label","birthplace","nationality_label"
"A. Amirthalingam","http://dbpedia.org/resource/A._Amirthalingam","Illankai Tamil Arasu Kachchi",1927-08-26,1989-07-13,"All Ceylon Tamil Congress","Hinduism in Sri Lanka","British Ceylon","Sri Lanka"
"A. Amirthalingam","http://dbpedia.org/resource/A._Amirthalingam","Illankai Tamil Arasu Kachchi",1927-08-26,1989-07-13,"All Ceylon Tamil Congress","Hinduism in Sri Lanka","Vaddukoddai","Sri Lanka"
"A. Amirthalingam","http://dbpedia.org/resource/A._Amirthalingam","Illankai Tamil Arasu Kachchi",1927-08-26,1989-07-13,"All Ceylon Tamil Congress","Hinduism in Sri Lanka","Pannagam","Sri Lanka"
"A. Amirthalingam","http://dbpedia.org/resource/A._Amirthalingam","Illankai Tamil Arasu Kachchi",1927-08-26,1989-07-13,"A. Thiagarajah","Hinduism in Sri Lanka","Pannagam","Sri Lanka"
"A. Amirthalingam","http://dbpedia.org/resource/A._Amirthalingam","Illankai Tamil Arasu Kachchi",1927-08-26,1989-07-13,"A. Thiagarajah","Hinduism in Sri Lanka","Vaddukoddai","Sri Lanka"
"A. Amirthalingam","http://dbpedia.org/resource/A._Amirthalingam","Illankai Tamil Arasu Kachchi",1927-08-26,1989-07-13,"A. Thiagarajah","Hinduism in Sri Lanka","British Ceylon","Sri Lanka"
"A. Amirthalingam","http://dbpedia.org/resource/A._Amirthalingam","Illankai Tamil Arasu Kachchi",1927-08-26,1989-07-13,"Mavai Senathirajah","Hinduism in Sri Lanka","Pannagam","Sri Lanka"
"A. Amirthalingam","http://dbpedia.org/resource/A._Amirthalingam","Illankai Tamil Arasu Kachchi",1927-08-26,1989-07-13,"M. Sivasithamparam","Hinduism in Sri Lanka","Vaddukoddai","Sri Lanka"
"A. Amirthalingam","http://dbpedia.org/resource/A._Amirthalingam","Illankai Tamil Arasu Kachchi",1927-08-26,1989-07-13,"Mavai Senathirajah","Hinduism in Sri Lanka","Vaddukoddai","Sri Lanka"
"A. Amirthalingam","http://dbpedia.org/resource/A._Amirthalingam","Illankai Tamil Arasu Kachchi",1927-08-26,1989-07-13,"M. Sivasithamparam","Hinduism in Sri Lanka","British Ceylon","Sri Lanka"
"A. Amirthalingam","http://dbpedia.org/resource/A._Amirthalingam","Illankai Tamil Arasu Kachchi",1927-08-26,1989-07-13,"M. Sivasithamparam","Hinduism in Sri Lanka","Pannagam","Sri Lanka"
"A. Amirthalingam","http://dbpedia.org/resource/A._Amirthalingam","Illankai Tamil Arasu Kachchi",1927-08-26,1989-07-13,"Mavai Senathirajah","Hinduism in Sri Lanka","British Ceylon","Sri Lanka"
"A. Amirthalingam","http://dbpedia.org/resource/A._Amirthalingam","Illankai Tamil Arasu Kachchi",1927-08-26,1989-07-13,"Tamil United Liberation Front","Hinduism in Sri Lanka","British Ceylon","Sri Lanka"
"A. Amirthalingam","http://dbpedia.org/resource/A._Amirthalingam","Illankai Tamil Arasu Kachchi",1927-08-26,1989-07-13,"Tamil United Liberation Front","Hinduism in Sri Lanka","Vaddukoddai","Sri Lanka"
"A. Amirthalingam","http://dbpedia.org/resource/A._Amirthalingam","Illankai Tamil Arasu Kachchi",1927-08-26,1989-07-13,"Tamil United Liberation Front","Hinduism in Sri Lanka","Pannagam","Sri Lanka"
"A. Amirthalingam","http://dbpedia.org/resource/A._Amirthalingam","Illankai Tamil Arasu Kachchi",1927-08-26,1989-07-13,"Anura Bandaranaike","Hinduism in Sri Lanka","Pannagam","Sri Lanka"
"A. Amirthalingam","http://dbpedia.org/resource/A._Amirthalingam","Illankai Tamil Arasu Kachchi",1927-08-26,1989-07-13,"Anura Bandaranaike","Hinduism in Sri Lanka","British Ceylon","Sri Lanka"
"A. Amirthalingam","http://dbpedia.org/resource/A._Amirthalingam","Illankai Tamil Arasu Kachchi",1927-08-26,1989-07-13,"Anura Bandaranaike","Hinduism in Sri Lanka","Vaddukoddai","Sri Lanka"
"A. N. R. Robinson","http://dbpedia.org/resource/A._N._R._Robinson","Democratic Action Congress",1926-12-16,2014-04-09,"George Maxwell Richards","Methodism","Trinidad and Tobago","Trinidadians"
"A. N. R. Robinson","http://dbpedia.org/resource/A._N._R._Robinson","Democratic Action Congress",1926-12-16,2014-04-09,"George Maxwell Richards","Methodism","Tobago","Trinidadians"
"A. N. R. Robinson","http://dbpedia.org/resource/A._N._R._Robinson","People's National Movement",1926-12-16,2014-04-09,"George Maxwell Richards","Methodism","Trinidad and Tobago","Trinidadians"
"A. N. R. Robinson","http://dbpedia.org/resource/A._N._R._Robinson","People's National Movement",1926-12-16,2014-04-09,"George Maxwell Richards","Methodism","Tobago","Trinidadians"
"A. N. R. Robinson","http://dbpedia.org/resource/A._N._R._Robinson","National Alliance for Reconstruction",1926-12-16,2014-04-09,"George Maxwell Richards","Methodism","Trinidad and Tobago","Trinidadians"
"A. N. R. Robinson","http://dbpedia.org/resource/A._N._R._Robinson","National Alliance for Reconstruction",1926-12-16,2014-04-09,"George Maxwell Richards","Methodism","Tobago","Trinidadians"
"A. N. R. Robinson","http://dbpedia.org/resource/A._N._R._Robinson","People's National Movement",1926-12-16,2014-04-09,"Patrick Manning","Methodism","Trinidad and Tobago","Trinidadians"
"A. N. R. Robinson","http://dbpedia.org/resource/A._N._R._Robinson","National Alliance for Reconstruction",1926-12-16,2014-04-09,"Patrick Manning","Methodism","Tobago","Trinidadians"
"A. N. R. Robinson","http://dbpedia.org/resource/A._N._R._Robinson","Democratic Action Congress",1926-12-16,2014-04-09,"Patrick Manning","Methodism","Tobago","Trinidadians"
"A. N. R. Robinson","http://dbpedia.org/resource/A._N._R._Robinson","Democratic Action Congress",1926-12-16,2014-04-09,"Patrick Manning","Methodism","Trinidad and Tobago","Trinidadians"
"A. N. R. Robinson","http://dbpedia.org/resource/A._N._R._Robinson","National Alliance for Reconstruction",1926-12-16,2014-04-09,"Patrick Manning","Methodism","Trinidad and Tobago","Trinidadians"
"A. N. R. Robinson","http://dbpedia.org/resource/A._N._R._Robinson","People's National Movement",1926-12-16,2014-04-09,"Patrick Manning","Methodism","Tobago","Trinidadians"
"Abd al-Karim Qasim","http://dbpedia.org/resource/Abd_al-Karim_Qasim","Independent (politician)",1914-11-21,1963-02-09,"Ahmed Hassan al-Bakr","Islam","Ottoman Empire","Iraq"
"Abd al-Karim Qasim","http://dbpedia.org/resource/Abd_al-Karim_Qasim","Iraqi Communist Party",1914-11-21,1963-02-09,"Ahmed Hassan al-Bakr","Islam","Ottoman Empire","Iraq"
"Abd al-Karim Qasim","http://dbpedia.org/resource/Abd_al-Karim_Qasim","National Democratic Party (Iraq, 1946)",1914-11-21,1963-02-09,"Ahmed Hassan al-Bakr","Islam","Ottoman Empire","Iraq"
"Abd al-Karim Qasim","http://dbpedia.org/resource/Abd_al-Karim_Qasim","National Democratic Party (Iraq, 1946)",1914-11-21,1963-02-09,"Ahmed Hassan al-Bakr","Islam","Baghdad","Iraq"
"Abd al-Karim Qasim","http://dbpedia.org/resource/Abd_al-Karim_Qasim","Independent (politician)",1914-11-21,1963-02-09,"Ahmed Hassan al-Bakr","Islam","Baghdad","Iraq"
"Abd al-Karim Qasim","http://dbpedia.org/resource/Abd_al-Karim_Qasim","Iraqi Communist Party",1914-11-21,1963-02-09,"Ahmed Hassan al-Bakr","Islam","Baghdad","Iraq"
"Abdirashid Ali Shermarke","http://dbpedia.org/resource/Abdirashid_Ali_Shermarke","Somali Youth League",1919-10-16,1969-10-15,"Sheikh Mukhtar Mohamed Hussein","Islam","Harardhere","Somali people"
"Abdirashid Ali Shermarke","http://dbpedia.org/resource/Abdirashid_Ali_Shermarke","Somali Youth League",1919-10-16,1969-10-15,"Sheikh Mukhtar Mohamed Hussein","Islam","Mudug","Somali people"
"Abdirashid Ali Shermarke","http://dbpedia.org/resource/Abdirashid_Ali_Shermarke","Somali Youth League",1919-10-16,1969-10-15,"Abdirizak Haji Hussein","Islam","Harardhere","Somali people"
"Abdirashid Ali Shermarke","http://dbpedia.org/resource/Abdirashid_Ali_Shermarke","Somali Youth League",1919-10-16,1969-10-15,"Abdirizak Haji Hussein","Islam","Mudug","Somali people"
"Abdolhossein Teymourtash","http://dbpedia.org/resource/Abdolhossein_Teymourtash","Revival Party",1883-09-25,1933-10-03,"Mehdi Qoli Hedayat","Twelver","Qajar Dynasty","Iranian peoples"
"Abdolhossein Teymourtash","http://dbpedia.org/resource/Abdolhossein_Teymourtash","Revival Party",1883-09-25,1933-10-03,"Mehdi Qoli Hedayat","Twelver","Bojnord","Iranian peoples"
"Abraham A. Ribicoff","http://dbpedia.org/resource/Abraham_A._Ribicoff","Democratic Party (United States)",1910-04-09,1998-02-22,"Anthony J. Celebrezze","Judaism","United States","United States"
"Abraham A. Ribicoff","http://dbpedia.org/resource/Abraham_A._Ribicoff","Democratic Party (United States)",1910-04-09,1998-02-22,"Anthony J. Celebrezze","Judaism","Connecticut","United States"
"Abraham A. Ribicoff","http://dbpedia.org/resource/Abraham_A._Ribicoff","Democratic Party (United States)",1910-04-09,1998-02-22,"Anthony J. Celebrezze","Judaism","New Britain, Connecticut","United States"
"Abraham A. Ribicoff","http://dbpedia.org/resource/Abraham_A._Ribicoff","Democratic Party (United States)",1910-04-09,1998-02-22,"John N. Dempsey","Judaism","United States","United States"
"Abraham A. Ribicoff","http://dbpedia.org/resource/Abraham_A._Ribicoff","Democratic Party (United States)",1910-04-09,1998-02-22,"John N. Dempsey","Judaism","Connecticut","United States"
"Abraham A. Ribicoff","http://dbpedia.org/resource/Abraham_A._Ribicoff","Democratic Party (United States)",1910-04-09,1998-02-22,"John N. Dempsey","Judaism","New Britain, Connecticut","United States"
"Abulfaz Elchibey","http://dbpedia.org/resource/Abulfaz_Elchibey","Azerbaijan Popular Front Party",1938-06-07,2000-08-22,"Heydar Aliyev","Shia Islam","Azerbaijan SSR","Azerbaijan"
"Abulfaz Elchibey","http://dbpedia.org/resource/Abulfaz_Elchibey","Azerbaijan Popular Front Party",1938-06-07,2000-08-22,"Heydar Aliyev","Shia Islam","Nakhichevan Autonomous Soviet Socialist Republic","Azerbaijan"
"Abulfaz Elchibey","http://dbpedia.org/resource/Abulfaz_Elchibey","Azerbaijan Popular Front Party",1938-06-07,2000-08-22,"Heydar Aliyev","Shia Islam","Soviet Union","Azerbaijan"
"Abulfaz Elchibey","http://dbpedia.org/resource/Abulfaz_Elchibey","Azerbaijan Popular Front Party",1938-06-07,2000-08-22,"Heydar Aliyev","Shia Islam","Nakhchivan ASSR","Azerbaijan"
"Adams George Archibald","http://dbpedia.org/resource/Adams_George_Archibald","Liberal-Conservative Party",1814-05-03,1892-12-14,"Frederick M. Pearson","Church of Scotland","Truro, Nova Scotia","Canadians"
"Adams George Archibald","http://dbpedia.org/resource/Adams_George_Archibald","Nova Scotia Liberal Party",1814-05-03,1892-12-14,"Frederick M. Pearson","Church of Scotland","Truro, Nova Scotia","Canadians"
"Adams George Archibald","http://dbpedia.org/resource/Adams_George_Archibald","Nova Scotia Liberal Party",1814-05-03,1892-12-14,"Alexander Morris","Church of Scotland","Truro, Nova Scotia","Canadians"
"Adams George Archibald","http://dbpedia.org/resource/Adams_George_Archibald","Liberal-Conservative Party",1814-05-03,1892-12-14,"Alexander Morris","Church of Scotland","Truro, Nova Scotia","Canadians"
"Adams George Archibald","http://dbpedia.org/resource/Adams_George_Archibald","Nova Scotia Liberal Party",1814-05-03,1892-12-14,"Matthew Henry Richey","Church of Scotland","Truro, Nova Scotia","Canadians"
"Adams George Archibald","http://dbpedia.org/resource/Adams_George_Archibald","Liberal-Conservative Party",1814-05-03,1892-12-14,"Matthew Henry Richey","Church of Scotland","Truro, Nova Scotia","Canadians"
"Adams George Archibald","http://dbpedia.org/resource/Adams_George_Archibald","Liberal-Conservative Party",1814-05-03,1892-12-14,"William Albert Patterson","Church of Scotland","Truro, Nova Scotia","Canadians"
"Adams George Archibald","http://dbpedia.org/resource/Adams_George_Archibald","Nova Scotia Liberal Party",1814-05-03,1892-12-14,"William Albert Patterson","Church of Scotland","Truro, Nova Scotia","Canadians"
"Adolfo Zaldívar","http://dbpedia.org/resource/Adolfo_Zaldívar","Christian Democrat Party of Chile",1943-09-13,2013-02-27,"Patricio Walker","Catholic Church","Santiago, Chile","Chile"
"Adolfo Zaldívar","http://dbpedia.org/resource/Adolfo_Zaldívar","Partido Regionalista de los Independientes",1943-09-13,2013-02-27,"Patricio Walker","Catholic Church","Santiago","Chile"
"Adolfo Zaldívar","http://dbpedia.org/resource/Adolfo_Zaldívar","Christian Democrat Party of Chile",1943-09-13,2013-02-27,"Patricio Walker","Catholic Church","Chile","Chile"
"Adolfo Zaldívar","http://dbpedia.org/resource/Adolfo_Zaldívar","Partido Regionalista de los Independientes",1943-09-13,2013-02-27,"Patricio Walker","Catholic Church","Chile","Chile"
"Adolfo Zaldívar","http://dbpedia.org/resource/Adolfo_Zaldívar","Partido Regionalista de los Independientes",1943-09-13,2013-02-27,"Patricio Walker","Catholic Church","Santiago, Chile","Chile"
"Adolfo Zaldívar","http://dbpedia.org/resource/Adolfo_Zaldívar","Christian Democrat Party of Chile",1943-09-13,2013-02-27,"Patricio Walker","Catholic Church","Santiago","Chile"
"Albert Reynolds","http://dbpedia.org/resource/Albert_Reynolds","Fianna Fáil",1932-11-03,2014-08-21,"Patrick Cooney","Roman Catholic Church","Republic of Ireland","Irish people"
"Albert Reynolds","http://dbpedia.org/resource/Albert_Reynolds","Fianna Fáil",1932-11-03,2014-08-21,"Patrick Cooney","Roman Catholic Church","Roosky","Irish people"
"Albert Reynolds","http://dbpedia.org/resource/Albert_Reynolds","Fianna Fáil",1932-11-03,2014-08-21,"Patrick Cooney","Roman Catholic Church","County Roscommon","Irish people"
"Albert Reynolds","http://dbpedia.org/resource/Albert_Reynolds","Fianna Fáil",1932-11-03,2014-08-21,"John Bruton","Roman Catholic Church","Republic of Ireland","Irish people"
"Albert Reynolds","http://dbpedia.org/resource/Albert_Reynolds","Fianna Fáil",1932-11-03,2014-08-21,"John Bruton","Roman Catholic Church","County Roscommon","Irish people"
"Albert Reynolds","http://dbpedia.org/resource/Albert_Reynolds","Fianna Fáil",1932-11-03,2014-08-21,"John Bruton","Roman Catholic Church","Roosky","Irish people"
"Albert Reynolds","http://dbpedia.org/resource/Albert_Reynolds","Fianna Fáil",1932-11-03,2014-08-21,"Ray Burke (Irish politician)","Roman Catholic Church","Republic of Ireland","Irish people"
"Albert Reynolds","http://dbpedia.org/resource/Albert_Reynolds","Fianna Fáil",1932-11-03,2014-08-21,"Ray Burke (Irish politician)","Roman Catholic Church","County Roscommon","Irish people"
"Albert Reynolds","http://dbpedia.org/resource/Albert_Reynolds","Fianna Fáil",1932-11-03,2014-08-21,"Ray Burke (Irish politician)","Roman Catholic Church","Roosky","Irish people"
"Albert Reynolds","http://dbpedia.org/resource/Albert_Reynolds","Fianna Fáil",1932-11-03,2014-08-21,"Bertie Ahern","Roman Catholic Church","Roosky","Irish people"
"Albert Reynolds","http://dbpedia.org/resource/Albert_Reynolds","Fianna Fáil",1932-11-03,2014-08-21,"Bertie Ahern","Roman Catholic Church","County Roscommon","Irish people"
"Albert Reynolds","http://dbpedia.org/resource/Albert_Reynolds","Fianna Fáil",1932-11-03,2014-08-21,"Bertie Ahern","Roman Catholic Church","Republic of Ireland","Irish people"
"Alberto Lleras Camargo","http://dbpedia.org/resource/Alberto_Lleras_Camargo","Colombian Liberal Party",1906-07-03,1990-01-04,"Darío Echandía Olaya","Roman Catholic","Colombia","Colombian people"
"Alberto Lleras Camargo","http://dbpedia.org/resource/Alberto_Lleras_Camargo","Colombian Liberal Party",1906-07-03,1990-01-04,"Darío Echandía Olaya","Roman Catholic","Bogotá","Colombian people"
"Alberto Lleras Camargo","http://dbpedia.org/resource/Alberto_Lleras_Camargo","Colombian Liberal Party",1906-07-03,1990-01-04,"Darío Echandía Olaya","Roman Catholic","Bogotá, D.C.","Colombian people"
"Alberto Lleras Camargo","http://dbpedia.org/resource/Alberto_Lleras_Camargo","Colombian Liberal Party",1906-07-03,1990-01-04,"Carlos Dávila","Roman Catholic","Bogotá","Colombian people"
"Alberto Lleras Camargo","http://dbpedia.org/resource/Alberto_Lleras_Camargo","Colombian Liberal Party",1906-07-03,1990-01-04,"Carlos Dávila","Roman Catholic","Colombia","Colombian people"
"Alberto Lleras Camargo","http://dbpedia.org/resource/Alberto_Lleras_Camargo","Colombian Liberal Party",1906-07-03,1990-01-04,"Carlos Dávila","Roman Catholic","Bogotá, D.C.","Colombian people"
"Alberto Lleras Camargo","http://dbpedia.org/resource/Alberto_Lleras_Camargo","Colombian Liberal Party",1906-07-03,1990-01-04,"Guillermo León Valencia Muñóz","Roman Catholic","Bogotá","Colombian people"
"Alberto Lleras Camargo","http://dbpedia.org/resource/Alberto_Lleras_Camargo","Colombian Liberal Party",1906-07-03,1990-01-04,"Guillermo León Valencia Muñóz","Roman Catholic","Colombia","Colombian people"
"Alberto Lleras Camargo","http://dbpedia.org/resource/Alberto_Lleras_Camargo","Colombian Liberal Party",1906-07-03,1990-01-04,"Guillermo León Valencia Muñóz","Roman Catholic","Bogotá, D.C.","Colombian people"
"Alcide De Gasperi","http://dbpedia.org/resource/Alcide_De_Gasperi","Italian People's Party (1919)",1881-04-03,1954-08-19,"Giuseppe Pella","Roman Catholicism","Austria-Hungary","Italians"
"Alcide De Gasperi","http://dbpedia.org/resource/Alcide_De_Gasperi","Independent politician",1881-04-03,1954-08-19,"Giuseppe Pella","Roman Catholicism","County of Tyrol","Italians"
"Alcide De Gasperi","http://dbpedia.org/resource/Alcide_De_Gasperi","Christian Democracy (Italy)",1881-04-03,1954-08-19,"Giuseppe Pella","Roman Catholicism","Pieve Tesino","Italians"
"Alcide De Gasperi","http://dbpedia.org/resource/Alcide_De_Gasperi","Popular Political Union of Trentino",1881-04-03,1954-08-19,"Giuseppe Pella","Roman Catholicism","County of Tyrol","Italians"
"Alcide De Gasperi","http://dbpedia.org/resource/Alcide_De_Gasperi","Christian Democracy (Italy)",1881-04-03,1954-08-19,"Giuseppe Pella","Roman Catholicism","County of Tyrol","Italians"
"Alcide De Gasperi","http://dbpedia.org/resource/Alcide_De_Gasperi","Independent politician",1881-04-03,1954-08-19,"Giuseppe Pella","Roman Catholicism","Austria-Hungary","Italians"
"Alcide De Gasperi","http://dbpedia.org/resource/Alcide_De_Gasperi","Popular Political Union of Trentino",1881-04-03,1954-08-19,"Giuseppe Pella","Roman Catholicism","Austria-Hungary","Italians"
"Alcide De Gasperi","http://dbpedia.org/resource/Alcide_De_Gasperi","Independent politician",1881-04-03,1954-08-19,"Giuseppe Pella","Roman Catholicism","Pieve Tesino","Italians"
"Alcide De Gasperi","http://dbpedia.org/resource/Alcide_De_Gasperi","Italian People's Party (1919)",1881-04-03,1954-08-19,"Giuseppe Pella","Roman Catholicism","Pieve Tesino","Italians"
"Alcide De Gasperi","http://dbpedia.org/resource/Alcide_De_Gasperi","Popular Political Union of Trentino",1881-04-03,1954-08-19,"Giuseppe Pella","Roman Catholicism","Pieve Tesino","Italians"
"Alcide De Gasperi","http://dbpedia.org/resource/Alcide_De_Gasperi","Christian Democracy (Italy)",1881-04-03,1954-08-19,"Giuseppe Pella","Roman Catholicism","Austria-Hungary","Italians"
"Alcide De Gasperi","http://dbpedia.org/resource/Alcide_De_Gasperi","Italian People's Party (1919)",1881-04-03,1954-08-19,"Giuseppe Pella","Roman Catholicism","County of Tyrol","Italians"
"Alcide De Gasperi","http://dbpedia.org/resource/Alcide_De_Gasperi","Independent politician",1881-04-03,1954-08-19,"Mario Scelba","Roman Catholicism","County of Tyrol","Italians"
"Alcide De Gasperi","http://dbpedia.org/resource/Alcide_De_Gasperi","Italian People's Party (1919)",1881-04-03,1954-08-19,"Mario Scelba","Roman Catholicism","County of Tyrol","Italians"
"Alcide De Gasperi","http://dbpedia.org/resource/Alcide_De_Gasperi","Popular Political Union of Trentino",1881-04-03,1954-08-19,"Mario Scelba","Roman Catholicism","Austria-Hungary","Italians"
"Alcide De Gasperi","http://dbpedia.org/resource/Alcide_De_Gasperi","Christian Democracy (Italy)",1881-04-03,1954-08-19,"Mario Scelba","Roman Catholicism","Pieve Tesino","Italians"
"Alcide De Gasperi","http://dbpedia.org/resource/Alcide_De_Gasperi","Italian People's Party (1919)",1881-04-03,1954-08-19,"Mario Scelba","Roman Catholicism","Pieve Tesino","Italians"
"Alcide De Gasperi","http://dbpedia.org/resource/Alcide_De_Gasperi","Popular Political Union of Trentino",1881-04-03,1954-08-19,"Mario Scelba","Roman Catholicism","Pieve Tesino","Italians"
"Alcide De Gasperi","http://dbpedia.org/resource/Alcide_De_Gasperi","Christian Democracy (Italy)",1881-04-03,1954-08-19,"Mario Scelba","Roman Catholicism","County of Tyrol","Italians"
"Alcide De Gasperi","http://dbpedia.org/resource/Alcide_De_Gasperi","Independent politician",1881-04-03,1954-08-19,"Mario Scelba","Roman Catholicism","Austria-Hungary","Italians"
"Alcide De Gasperi","http://dbpedia.org/resource/Alcide_De_Gasperi","Christian Democracy (Italy)",1881-04-03,1954-08-19,"Mario Scelba","Roman Catholicism","Austria-Hungary","Italians"
"Alcide De Gasperi","http://dbpedia.org/resource/Alcide_De_Gasperi","Italian People's Party (1919)",1881-04-03,1954-08-19,"Mario Scelba","Roman Catholicism","Austria-Hungary","Italians"
"Alcide De Gasperi","http://dbpedia.org/resource/Alcide_De_Gasperi","Popular Political Union of Trentino",1881-04-03,1954-08-19,"Mario Scelba","Roman Catholicism","County of Tyrol","Italians"
"Alcide De Gasperi","http://dbpedia.org/resource/Alcide_De_Gasperi","Independent politician",1881-04-03,1954-08-19,"Mario Scelba","Roman Catholicism","Pieve Tesino","Italians"
"Alcide De Gasperi","http://dbpedia.org/resource/Alcide_De_Gasperi","Italian People's Party (1919)",1881-04-03,1954-08-19,"Pietro Nenni","Roman Catholicism","County of Tyrol","Italians"
"Alcide De Gasperi","http://dbpedia.org/resource/Alcide_De_Gasperi","Independent politician",1881-04-03,1954-08-19,"Pietro Nenni","Roman Catholicism","Pieve Tesino","Italians"
"Alcide De Gasperi","http://dbpedia.org/resource/Alcide_De_Gasperi","Popular Political Union of Trentino",1881-04-03,1954-08-19,"Pietro Nenni","Roman Catholicism","County of Tyrol","Italians"
"Alcide De Gasperi","http://dbpedia.org/resource/Alcide_De_Gasperi","Christian Democracy (Italy)",1881-04-03,1954-08-19,"Pietro Nenni","Roman Catholicism","Pieve Tesino","Italians"
"Alcide De Gasperi","http://dbpedia.org/resource/Alcide_De_Gasperi","Italian People's Party (1919)",1881-04-03,1954-08-19,"Pietro Nenni","Roman Catholicism","Austria-Hungary","Italians"
"Alcide De Gasperi","http://dbpedia.org/resource/Alcide_De_Gasperi","Christian Democracy (Italy)",1881-04-03,1954-08-19,"Pietro Nenni","Roman Catholicism","County of Tyrol","Italians"
"Alcide De Gasperi","http://dbpedia.org/resource/Alcide_De_Gasperi","Independent politician",1881-04-03,1954-08-19,"Pietro Nenni","Roman Catholicism","Austria-Hungary","Italians"
"Alcide De Gasperi","http://dbpedia.org/resource/Alcide_De_Gasperi","Popular Political Union of Trentino",1881-04-03,1954-08-19,"Pietro Nenni","Roman Catholicism","Austria-Hungary","Italians"
"Alcide De Gasperi","http://dbpedia.org/resource/Alcide_De_Gasperi","Italian People's Party (1919)",1881-04-03,1954-08-19,"Pietro Nenni","Roman Catholicism","Pieve Tesino","Italians"
"Alcide De Gasperi","http://dbpedia.org/resource/Alcide_De_Gasperi","Popular Political Union of Trentino",1881-04-03,1954-08-19,"Pietro Nenni","Roman Catholicism","Pieve Tesino","Italians"
"Alcide De Gasperi","http://dbpedia.org/resource/Alcide_De_Gasperi","Independent politician",1881-04-03,1954-08-19,"Pietro Nenni","Roman Catholicism","County of Tyrol","Italians"
"Alcide De Gasperi","http://dbpedia.org/resource/Alcide_De_Gasperi","Christian Democracy (Italy)",1881-04-03,1954-08-19,"Pietro Nenni","Roman Catholicism","Austria-Hungary","Italians"
"Alcide De Gasperi","http://dbpedia.org/resource/Alcide_De_Gasperi","Independent politician",1881-04-03,1954-08-19,"Enrico De Nicola","Roman Catholicism","Pieve Tesino","Italians"
"Alcide De Gasperi","http://dbpedia.org/resource/Alcide_De_Gasperi","Italian People's Party (1919)",1881-04-03,1954-08-19,"Enrico De Nicola","Roman Catholicism","County of Tyrol","Italians"
"Alcide De Gasperi","http://dbpedia.org/resource/Alcide_De_Gasperi","Popular Political Union of Trentino",1881-04-03,1954-08-19,"Enrico De Nicola","Roman Catholicism","Austria-Hungary","Italians"
"Alcide De Gasperi","http://dbpedia.org/resource/Alcide_De_Gasperi","Christian Democracy (Italy)",1881-04-03,1954-08-19,"Enrico De Nicola","Roman Catholicism","Pieve Tesino","Italians"
"Alcide De Gasperi","http://dbpedia.org/resource/Alcide_De_Gasperi","Popular Political Union of Trentino",1881-04-03,1954-08-19,"Enrico De Nicola","Roman Catholicism","Pieve Tesino","Italians"
"Alcide De Gasperi","http://dbpedia.org/resource/Alcide_De_Gasperi","Independent politician",1881-04-03,1954-08-19,"Enrico De Nicola","Roman Catholicism","Austria-Hungary","Italians"
"Alcide De Gasperi","http://dbpedia.org/resource/Alcide_De_Gasperi","Christian Democracy (Italy)",1881-04-03,1954-08-19,"Enrico De Nicola","Roman Catholicism","County of Tyrol","Italians"
"Alcide De Gasperi","http://dbpedia.org/resource/Alcide_De_Gasperi","Italian People's Party (1919)",1881-04-03,1954-08-19,"Enrico De Nicola","Roman Catholicism","Austria-Hungary","Italians"
"Alcide De Gasperi","http://dbpedia.org/resource/Alcide_De_Gasperi","Popular Political Union of Trentino",1881-04-03,1954-08-19,"Enrico De Nicola","Roman Catholicism","County of Tyrol","Italians"
"Alcide De Gasperi","http://dbpedia.org/resource/Alcide_De_Gasperi","Independent politician",1881-04-03,1954-08-19,"Enrico De Nicola","Roman Catholicism","County of Tyrol","Italians"
"Alcide De Gasperi","http://dbpedia.org/resource/Alcide_De_Gasperi","Christian Democracy (Italy)",1881-04-03,1954-08-19,"Enrico De Nicola","Roman Catholicism","Austria-Hungary","Italians"
"Alcide De Gasperi","http://dbpedia.org/resource/Alcide_De_Gasperi","Italian People's Party (1919)",1881-04-03,1954-08-19,"Enrico De Nicola","Roman Catholicism","Pieve Tesino","Italians"
"Aldo Moro","http://dbpedia.org/resource/Aldo_Moro","Christian Democracy (Italy)",1916-09-23,1978-05-09,"Giovanni Leone","Roman Catholicism","Kingdom of Italy (1861–1946)","Italians"
"Aldo Moro","http://dbpedia.org/resource/Aldo_Moro","Christian Democracy (Italy)",1916-09-23,1978-05-09,"Giulio Andreotti","Roman Catholicism","Kingdom of Italy (1861–1946)","Italians"
"Aldo Moro","http://dbpedia.org/resource/Aldo_Moro","Christian Democracy (Italy)",1916-09-23,1978-05-09,"Giovanni Leone","Roman Catholicism","Maglie","Italians"
"Aldo Moro","http://dbpedia.org/resource/Aldo_Moro","Christian Democracy (Italy)",1916-09-23,1978-05-09,"Giulio Andreotti","Roman Catholicism","Maglie","Italians"
"Aldo Moro","http://dbpedia.org/resource/Aldo_Moro","Christian Democracy (Italy)",1916-09-23,1978-05-09,"Giovanni Leone","Roman Catholicism","Apulia","Italians"
"Aldo Moro","http://dbpedia.org/resource/Aldo_Moro","Christian Democracy (Italy)",1916-09-23,1978-05-09,"Giulio Andreotti","Roman Catholicism","Apulia","Italians"
"Aldo Moro","http://dbpedia.org/resource/Aldo_Moro","Christian Democracy (Italy)",1916-09-23,1978-05-09,"Amintore Fanfani","Roman Catholicism","Kingdom of Italy (1861–1946)","Italians"
"Aldo Moro","http://dbpedia.org/resource/Aldo_Moro","Christian Democracy (Italy)",1916-09-23,1978-05-09,"Amintore Fanfani","Roman Catholicism","Maglie","Italians"
"Aldo Moro","http://dbpedia.org/resource/Aldo_Moro","Christian Democracy (Italy)",1916-09-23,1978-05-09,"Amintore Fanfani","Roman Catholicism","Apulia","Italians"
"Aldo Moro","http://dbpedia.org/resource/Aldo_Moro","Christian Democracy (Italy)",1916-09-23,1978-05-09,"Mariano Rumor","Roman Catholicism","Kingdom of Italy (1861–1946)","Italians"
"Aldo Moro","http://dbpedia.org/resource/Aldo_Moro","Christian Democracy (Italy)",1916-09-23,1978-05-09,"Mariano Rumor","Roman Catholicism","Maglie","Italians"
"Aldo Moro","http://dbpedia.org/resource/Aldo_Moro","Christian Democracy (Italy)",1916-09-23,1978-05-09,"Mariano Rumor","Roman Catholicism","Apulia","Italians"
"Aldo Moro","http://dbpedia.org/resource/Aldo_Moro","Christian Democracy (Italy)",1916-09-23,1978-05-09,"Giuseppe Medici","Roman Catholicism","Apulia","Italians"
"Aldo Moro","http://dbpedia.org/resource/Aldo_Moro","Christian Democracy (Italy)",1916-09-23,1978-05-09,"Giuseppe Medici","Roman Catholicism","Kingdom of Italy (1861–1946)","Italians"
"Aldo Moro","http://dbpedia.org/resource/Aldo_Moro","Christian Democracy (Italy)",1916-09-23,1978-05-09,"Giuseppe Medici","Roman Catholicism","Maglie","Italians"
"Alessandro Fortis","http://dbpedia.org/resource/Alessandro_Fortis","Historical Left",1842-09-16,1909-12-04,"Sidney Sonnino","Roman Catholicism","Kingdom of Italy","Italian people"
"Alessandro Fortis","http://dbpedia.org/resource/Alessandro_Fortis","Historical Left",1842-09-16,1909-12-04,"Sidney Sonnino","Judaism","Forlì","Italian people"
"Alessandro Fortis","http://dbpedia.org/resource/Alessandro_Fortis","Historical Left",1842-09-16,1909-12-04,"Sidney Sonnino","Roman Catholicism","Forlì","Italian people"
"Alessandro Fortis","http://dbpedia.org/resource/Alessandro_Fortis","Historical Left",1842-09-16,1909-12-04,"Sidney Sonnino","Judaism","Kingdom of Italy","Italian people"
"Alexander Bustamante","http://dbpedia.org/resource/Alexander_Bustamante","Jamaica Labour Party",1884-02-24,1977-08-06,"Sir Donald Sangster","Roman Catholic","Hanover, Jamaica","Jamaica"
"Alexander Bustamante","http://dbpedia.org/resource/Alexander_Bustamante","Jamaica Labour Party",1884-02-24,1977-08-06,"Norman Manley","Roman Catholic","Hanover, Jamaica","Jamaica"
"Alexandru Marghiloman","http://dbpedia.org/resource/Alexandru_Marghiloman","Conservative Party (Romania, 1880–1918)",1854-07-04,1925-05-10,"Constantin Coandă","Romanian Orthodox Church","Buzău","Romania"
"Alfonso López Michelsen","http://dbpedia.org/resource/Alfonso_López_Michelsen","Colombian Liberal Party",1913-06-30,2007-07-11,"Alfredo Vázquez Carrizosa","Roman Catholic","Bogotá, D.C.","Colombian people"
"Alfonso López Michelsen","http://dbpedia.org/resource/Alfonso_López_Michelsen","Colombian Liberal Party",1913-06-30,2007-07-11,"Alfredo Vázquez Carrizosa","Roman Catholic","Bogotá","Colombian people"
"Alfonso López Michelsen","http://dbpedia.org/resource/Alfonso_López_Michelsen","Colombian Liberal Party",1913-06-30,2007-07-11,"Alfredo Vázquez Carrizosa","Roman Catholic","Colombia","Colombian people"
"Alfonso López Michelsen","http://dbpedia.org/resource/Alfonso_López_Michelsen","Colombian Liberal Party",1913-06-30,2007-07-11,"Julio César Turbay Ayala","Roman Catholic","Colombia","Colombian people"
"Alfonso López Michelsen","http://dbpedia.org/resource/Alfonso_López_Michelsen","Colombian Liberal Party",1913-06-30,2007-07-11,"Julio César Turbay Ayala","Roman Catholic","Bogotá, D.C.","Colombian people"
"Alfonso López Michelsen","http://dbpedia.org/resource/Alfonso_López_Michelsen","Colombian Liberal Party",1913-06-30,2007-07-11,"Julio César Turbay Ayala","Roman Catholic","Bogotá","Colombian people"
"Alfonso López Michelsen","http://dbpedia.org/resource/Alfonso_López_Michelsen","Colombian Liberal Party",1913-06-30,2007-07-11,"Luis Roberto García Díaz-Granados","Roman Catholic","Bogotá, D.C.","Colombian people"
"Alfonso López Michelsen","http://dbpedia.org/resource/Alfonso_López_Michelsen","Colombian Liberal Party",1913-06-30,2007-07-11,"Luis Roberto García Díaz-Granados","Roman Catholic","Bogotá","Colombian people"
"Alfonso López Michelsen","http://dbpedia.org/resource/Alfonso_López_Michelsen","Colombian Liberal Party",1913-06-30,2007-07-11,"Luis Roberto García Díaz-Granados","Roman Catholic","Colombia","Colombian people"
"Alfonso López Pumarejo","http://dbpedia.org/resource/Alfonso_López_Pumarejo","Colombian Liberal Party",1886-01-31,1959-11-20,"Virgilio Barco Vargas","Roman Catholic","United States of Colombia","Colombian people"
"Alfonso López Pumarejo","http://dbpedia.org/resource/Alfonso_López_Pumarejo","Colombian Liberal Party",1886-01-31,1959-11-20,"Virgilio Barco Vargas","Roman Catholic","Honda, Tolima","Colombian people"
"Alfonso López Pumarejo","http://dbpedia.org/resource/Alfonso_López_Pumarejo","Colombian Liberal Party",1886-01-31,1959-11-20,"Virgilio Barco Vargas","Roman Catholic","Sovereign State of Tolima","Colombian people"
"Alfonso López Pumarejo","http://dbpedia.org/resource/Alfonso_López_Pumarejo","Colombian Liberal Party",1886-01-31,1959-11-20,"Mariano Ospina Pérez","Roman Catholic","Sovereign State of Tolima","Colombian people"
"Alfonso López Pumarejo","http://dbpedia.org/resource/Alfonso_López_Pumarejo","Colombian Liberal Party",1886-01-31,1959-11-20,"Mariano Ospina Pérez","Roman Catholic","United States of Colombia","Colombian people"
"Alfonso López Pumarejo","http://dbpedia.org/resource/Alfonso_López_Pumarejo","Colombian Liberal Party",1886-01-31,1959-11-20,"Mariano Ospina Pérez","Roman Catholic","Honda, Tolima","Colombian people"
"Alfonso López Pumarejo","http://dbpedia.org/resource/Alfonso_López_Pumarejo","Colombian Liberal Party",1886-01-31,1959-11-20,"Eduardo Santos","Roman Catholic","Honda, Tolima","Colombian people"
"Alfonso López Pumarejo","http://dbpedia.org/resource/Alfonso_López_Pumarejo","Colombian Liberal Party",1886-01-31,1959-11-20,"Eduardo Santos","Roman Catholic","United States of Colombia","Colombian people"
"Alfonso López Pumarejo","http://dbpedia.org/resource/Alfonso_López_Pumarejo","Colombian Liberal Party",1886-01-31,1959-11-20,"Eduardo Santos","Roman Catholic","Sovereign State of Tolima","Colombian people"
"Alfonso López Pumarejo","http://dbpedia.org/resource/Alfonso_López_Pumarejo","Colombian Liberal Party",1886-01-31,1959-11-20,"Roberto Urdaneta Arbeláez","Roman Catholic","United States of Colombia","Colombian people"
"Alfonso López Pumarejo","http://dbpedia.org/resource/Alfonso_López_Pumarejo","Colombian Liberal Party",1886-01-31,1959-11-20,"Roberto Urdaneta Arbeláez","Roman Catholic","Sovereign State of Tolima","Colombian people"
"Alfonso López Pumarejo","http://dbpedia.org/resource/Alfonso_López_Pumarejo","Colombian Liberal Party",1886-01-31,1959-11-20,"Roberto Urdaneta Arbeláez","Roman Catholic","Honda, Tolima","Colombian people"
"Alfred Deakin","http://dbpedia.org/resource/Alfred_Deakin","Protectionist Party",1856-08-03,1919-10-07,"Andrew Fisher","Australian Church","Melbourne","British subject"
"Alfred Deakin","http://dbpedia.org/resource/Alfred_Deakin","Commonwealth Liberal Party",1856-08-03,1919-10-07,"Andrew Fisher","Australian Church","Melbourne","British subject"
"Alfred Deakin","http://dbpedia.org/resource/Alfred_Deakin","Protectionist Party",1856-08-03,1919-10-07,"Andrew Fisher","Australian Church","British Empire","British subject"
"Alfred Deakin","http://dbpedia.org/resource/Alfred_Deakin","Commonwealth Liberal Party",1856-08-03,1919-10-07,"Andrew Fisher","Australian Church","British Empire","British subject"
"Alfred Deakin","http://dbpedia.org/resource/Alfred_Deakin","Commonwealth Liberal Party",1856-08-03,1919-10-07,"Andrew Fisher","Australian Church","Victoria (Australia)","British subject"
"Alfred Deakin","http://dbpedia.org/resource/Alfred_Deakin","Protectionist Party",1856-08-03,1919-10-07,"Andrew Fisher","Australian Church","Victoria (Australia)","British subject"
"Alfred Deakin","http://dbpedia.org/resource/Alfred_Deakin","Commonwealth Liberal Party",1856-08-03,1919-10-07,"Chris Watson","Australian Church","British Empire","British subject"
"Alfred Deakin","http://dbpedia.org/resource/Alfred_Deakin","Protectionist Party",1856-08-03,1919-10-07,"Chris Watson","Australian Church","Victoria (Australia)","British subject"
"Alfred Deakin","http://dbpedia.org/resource/Alfred_Deakin","Protectionist Party",1856-08-03,1919-10-07,"Billy Hughes","Australian Church","British Empire","British subject"
"Alfred Deakin","http://dbpedia.org/resource/Alfred_Deakin","Commonwealth Liberal Party",1856-08-03,1919-10-07,"Chris Watson","Australian Church","Melbourne","British subject"
"Alfred Deakin","http://dbpedia.org/resource/Alfred_Deakin","Commonwealth Liberal Party",1856-08-03,1919-10-07,"Billy Hughes","Australian Church","British Empire","British subject"
"Alfred Deakin","http://dbpedia.org/resource/Alfred_Deakin","Protectionist Party",1856-08-03,1919-10-07,"Chris Watson","Australian Church","Melbourne","British subject"
"Alfred Deakin","http://dbpedia.org/resource/Alfred_Deakin","Protectionist Party",1856-08-03,1919-10-07,"Chris Watson","Australian Church","British Empire","British subject"
"Alfred Deakin","http://dbpedia.org/resource/Alfred_Deakin","Commonwealth Liberal Party",1856-08-03,1919-10-07,"Billy Hughes","Australian Church","Melbourne","British subject"
"Alfred Deakin","http://dbpedia.org/resource/Alfred_Deakin","Protectionist Party",1856-08-03,1919-10-07,"Billy Hughes","Australian Church","Melbourne","British subject"
"Alfred Deakin","http://dbpedia.org/resource/Alfred_Deakin","Commonwealth Liberal Party",1856-08-03,1919-10-07,"Chris Watson","Australian Church","Victoria (Australia)","British subject"
"Alfred Deakin","http://dbpedia.org/resource/Alfred_Deakin","Protectionist Party",1856-08-03,1919-10-07,"Billy Hughes","Australian Church","Victoria (Australia)","British subject"
"Alfred Deakin","http://dbpedia.org/resource/Alfred_Deakin","Commonwealth Liberal Party",1856-08-03,1919-10-07,"Billy Hughes","Australian Church","Victoria (Australia)","British subject"
"Alfred Deakin","http://dbpedia.org/resource/Alfred_Deakin","Commonwealth Liberal Party",1856-08-03,1919-10-07,"James Drake","Australian Church","British Empire","British subject"
"Alfred Deakin","http://dbpedia.org/resource/Alfred_Deakin","Protectionist Party",1856-08-03,1919-10-07,"James Drake","Australian Church","British Empire","British subject"
"Alfred Deakin","http://dbpedia.org/resource/Alfred_Deakin","Commonwealth Liberal Party",1856-08-03,1919-10-07,"James Drake","Australian Church","Melbourne","British subject"
"Alfred Deakin","http://dbpedia.org/resource/Alfred_Deakin","Protectionist Party",1856-08-03,1919-10-07,"James Drake","Australian Church","Melbourne","British subject"
"Alfred Deakin","http://dbpedia.org/resource/Alfred_Deakin","Protectionist Party",1856-08-03,1919-10-07,"James Drake","Australian Church","Victoria (Australia)","British subject"
"Alfred Deakin","http://dbpedia.org/resource/Alfred_Deakin","Commonwealth Liberal Party",1856-08-03,1919-10-07,"James Drake","Australian Church","Victoria (Australia)","British subject"
"Alfred Deakin","http://dbpedia.org/resource/Alfred_Deakin","Protectionist Party",1856-08-03,1919-10-07,"Joseph Cook","Australian Church","Victoria (Australia)","British subject"
"Alfred Deakin","http://dbpedia.org/resource/Alfred_Deakin","Protectionist Party",1856-08-03,1919-10-07,"Joseph Cook","Australian Church","British Empire","British subject"
"Alfred Deakin","http://dbpedia.org/resource/Alfred_Deakin","Protectionist Party",1856-08-03,1919-10-07,"Joseph Cook","Australian Church","Melbourne","British subject"
"Alfred Deakin","http://dbpedia.org/resource/Alfred_Deakin","Commonwealth Liberal Party",1856-08-03,1919-10-07,"Joseph Cook","Australian Church","Victoria (Australia)","British subject"
"Alfred Deakin","http://dbpedia.org/resource/Alfred_Deakin","Commonwealth Liberal Party",1856-08-03,1919-10-07,"Joseph Cook","Australian Church","British Empire","British subject"
"Alfred Deakin","http://dbpedia.org/resource/Alfred_Deakin","Commonwealth Liberal Party",1856-08-03,1919-10-07,"Joseph Cook","Australian Church","Melbourne","British subject"
"Alfred Deakin","http://dbpedia.org/resource/Alfred_Deakin","Protectionist Party",1856-08-03,1919-10-07,"Lee Batchelor","Australian Church","Victoria (Australia)","British subject"
"Alfred Deakin","http://dbpedia.org/resource/Alfred_Deakin","Protectionist Party",1856-08-03,1919-10-07,"Lee Batchelor","Australian Church","British Empire","British subject"
"Alfred Deakin","http://dbpedia.org/resource/Alfred_Deakin","Protectionist Party",1856-08-03,1919-10-07,"Lee Batchelor","Australian Church","Melbourne","British subject"
"Alfred Deakin","http://dbpedia.org/resource/Alfred_Deakin","Commonwealth Liberal Party",1856-08-03,1919-10-07,"Lee Batchelor","Australian Church","Victoria (Australia)","British subject"
"Alfred Deakin","http://dbpedia.org/resource/Alfred_Deakin","Commonwealth Liberal Party",1856-08-03,1919-10-07,"Lee Batchelor","Australian Church","British Empire","British subject"
"Alfred Deakin","http://dbpedia.org/resource/Alfred_Deakin","Commonwealth Liberal Party",1856-08-03,1919-10-07,"Lee Batchelor","Australian Church","Melbourne","British subject"
"Alija Izetbegović","http://dbpedia.org/resource/Alija_Izetbegović","Party of Democratic Action",1925-08-08,2003-10-19,"Živko Radišić","Sunni Islam","Kingdom of Serbs, Croats and Slovenes","Bosniaks"
"Alija Izetbegović","http://dbpedia.org/resource/Alija_Izetbegović","Party of Democratic Action",1925-08-08,2003-10-19,"Živko Radišić","Sunni Islam","Šamac, Bosnia and Herzegovina","Bosniaks"
"Alija Izetbegović","http://dbpedia.org/resource/Alija_Izetbegović","Party of Democratic Action",1925-08-08,2003-10-19,"Živko Radišić","Sunni Islam","Bosanski Šamac","Bosniaks"
"Alija Izetbegović","http://dbpedia.org/resource/Alija_Izetbegović","Party of Democratic Action",1925-08-08,2003-10-19,"Presidency of Bosnia and Herzegovina","Sunni Islam","Bosanski Šamac","Bosniaks"
"Alija Izetbegović","http://dbpedia.org/resource/Alija_Izetbegović","Party of Democratic Action",1925-08-08,2003-10-19,"Presidency of Bosnia and Herzegovina","Sunni Islam","Kingdom of Serbs, Croats and Slovenes","Bosniaks"
"Alija Izetbegović","http://dbpedia.org/resource/Alija_Izetbegović","Party of Democratic Action",1925-08-08,2003-10-19,"Presidency of Bosnia and Herzegovina","Sunni Islam","Šamac, Bosnia and Herzegovina","Bosniaks"
"Allan McDonald (Australian politician)","http://dbpedia.org/resource/Allan_McDonald_(Australian_politician)","United Australia Party",1888-07-04,1953-06-10,"Dan Mackinnon","Presbyterian","Winchelsea, Victoria","Australia"
"Allan McDonald (Australian politician)","http://dbpedia.org/resource/Allan_McDonald_(Australian_politician)","Liberal Party of Australia",1888-07-04,1953-06-10,"Dan Mackinnon","Presbyterian","Winchelsea, Victoria","Australia"
"Andrew Thompson (politician)","http://dbpedia.org/resource/Andrew_Thompson_(politician)","Australian Labor Party",1883-07-09,1961-01-15,"Ernest Clayton","Presbyterian","Tiaro","Australia"
"Andrew Thompson (politician)","http://dbpedia.org/resource/Andrew_Thompson_(politician)","Australian Labor Party",1883-07-09,1961-01-15,"Ernest Clayton","Presbyterian","Queensland","Australia"
"Andrew Thompson (politician)","http://dbpedia.org/resource/Andrew_Thompson_(politician)","Australian Labor Party",1883-07-09,1961-01-15,"Ernest Clayton","Presbyterian","Australia","Australia"
"Andrés Bonifacio","http://dbpedia.org/resource/Andrés_Bonifacio","La Liga Filipina",1863-11-30,1897-05-10,"Emilio Aguinaldo","Catholic Church","Captaincy General of the Philippines","Filipinos"
"Andrés Bonifacio","http://dbpedia.org/resource/Andrés_Bonifacio","Katipunan",1863-11-30,1897-05-10,"Emilio Aguinaldo","Catholic Church","Captaincy General of the Philippines","Filipinos"
"Andrés Bonifacio","http://dbpedia.org/resource/Andrés_Bonifacio","Katipunan",1863-11-30,1897-05-10,"Emilio Aguinaldo","Catholic Church","Tondo, Manila","Filipinos"
"Andrés Bonifacio","http://dbpedia.org/resource/Andrés_Bonifacio","La Liga Filipina",1863-11-30,1897-05-10,"Emilio Aguinaldo","Catholic Church","Tondo, Manila","Filipinos"
"Anthony J. Celebrezze","http://dbpedia.org/resource/Anthony_J._Celebrezze","Democratic Party (United States)",1910-09-04,1998-10-29,"Ralph S. Locher","Roman Catholic","Italy","United States"
"Anthony J. Celebrezze","http://dbpedia.org/resource/Anthony_J._Celebrezze","Democratic Party (United States)",1910-09-04,1998-10-29,"Ralph S. Locher","Roman Catholic","Anzi, Basilicata","United States"
"Anthony J. Celebrezze","http://dbpedia.org/resource/Anthony_J._Celebrezze","Democratic Party (United States)",1910-09-04,1998-10-29,"Ralph S. Locher","Roman Catholic","Anzi, Italy","United States"
"Anthony J. Celebrezze","http://dbpedia.org/resource/Anthony_J._Celebrezze","Democratic Party (United States)",1910-09-04,1998-10-29,"John W. Gardner","Roman Catholic","Anzi, Basilicata","United States"
"Anthony J. Celebrezze","http://dbpedia.org/resource/Anthony_J._Celebrezze","Democratic Party (United States)",1910-09-04,1998-10-29,"John W. Gardner","Roman Catholic","Italy","United States"
"Anthony J. Celebrezze","http://dbpedia.org/resource/Anthony_J._Celebrezze","Democratic Party (United States)",1910-09-04,1998-10-29,"John W. Gardner","Roman Catholic","Anzi, Italy","United States"
"Antonio Segni","http://dbpedia.org/resource/Antonio_Segni","Christian Democracy (Italy)",1891-02-02,1972-12-01,"Fernando Tambroni","Roman Catholic Church","Sassari","Italians"
"Antonio Segni","http://dbpedia.org/resource/Antonio_Segni","Christian Democracy (Italy)",1891-02-02,1972-12-01,"Fernando Tambroni","Roman Catholic Church","Sardinia","Italians"
"Antonio Segni","http://dbpedia.org/resource/Antonio_Segni","Christian Democracy (Italy)",1891-02-02,1972-12-01,"Adone Zoli","Roman Catholic Church","Sassari","Italians"
"Antonio Segni","http://dbpedia.org/resource/Antonio_Segni","Christian Democracy (Italy)",1891-02-02,1972-12-01,"Adone Zoli","Roman Catholic Church","Sardinia","Italians"
"Antonio Segni","http://dbpedia.org/resource/Antonio_Segni","Christian Democracy (Italy)",1891-02-02,1972-12-01,"Giulio Andreotti","Roman Catholic Church","Sassari","Italians"
"Antonio Segni","http://dbpedia.org/resource/Antonio_Segni","Christian Democracy (Italy)",1891-02-02,1972-12-01,"Giulio Andreotti","Roman Catholic Church","Sardinia","Italians"
"Antonio Segni","http://dbpedia.org/resource/Antonio_Segni","Christian Democracy (Italy)",1891-02-02,1972-12-01,"Amintore Fanfani","Roman Catholic Church","Sassari","Italians"
"Antonio Segni","http://dbpedia.org/resource/Antonio_Segni","Christian Democracy (Italy)",1891-02-02,1972-12-01,"Amintore Fanfani","Roman Catholic Church","Sardinia","Italians"
"Antonio Segni","http://dbpedia.org/resource/Antonio_Segni","Christian Democracy (Italy)",1891-02-02,1972-12-01,"Giuseppe Spataro","Roman Catholic Church","Sardinia","Italians"
"Antonio Segni","http://dbpedia.org/resource/Antonio_Segni","Christian Democracy (Italy)",1891-02-02,1972-12-01,"Giuseppe Spataro","Roman Catholic Church","Sassari","Italians"
"Antonio Segni","http://dbpedia.org/resource/Antonio_Segni","Christian Democracy (Italy)",1891-02-02,1972-12-01,"Giuseppe Saragat","Roman Catholic Church","Sardinia","Italians"
"Antonio Segni","http://dbpedia.org/resource/Antonio_Segni","Christian Democracy (Italy)",1891-02-02,1972-12-01,"Giuseppe Saragat","Roman Catholic Church","Sassari","Italians"
"Antonio Segni","http://dbpedia.org/resource/Antonio_Segni","Christian Democracy (Italy)",1891-02-02,1972-12-01,"Attilio Piccioni","Roman Catholic Church","Sassari","Italians"
"Antonio Segni","http://dbpedia.org/resource/Antonio_Segni","Christian Democracy (Italy)",1891-02-02,1972-12-01,"Attilio Piccioni","Roman Catholic Church","Sardinia","Italians"
"Anura Bandaranaike","http://dbpedia.org/resource/Anura_Bandaranaike","Sri Lanka Freedom Party",1949-02-15,2008-03-16,"Sirimavo Bandaranaike","Buddhist","Colombo","Sri Lanka"
"Anura Bandaranaike","http://dbpedia.org/resource/Anura_Bandaranaike","Sri Lanka Freedom Party",1949-02-15,2008-03-16,"Sirimavo Bandaranaike","Buddhist","Sri Lanka","Sri Lanka"
"Anura Bandaranaike","http://dbpedia.org/resource/Anura_Bandaranaike","Sri Lanka Freedom Party",1949-02-15,2008-03-16,"Sirimavo Bandaranaike","Buddhist","Attanagalla","Sri Lanka"
"Anura Bandaranaike","http://dbpedia.org/resource/Anura_Bandaranaike","Sri Lanka Freedom Party",1949-02-15,2008-03-16,"Joseph Michael Perera","Buddhist","Sri Lanka","Sri Lanka"
"Anura Bandaranaike","http://dbpedia.org/resource/Anura_Bandaranaike","Sri Lanka Freedom Party",1949-02-15,2008-03-16,"Joseph Michael Perera","Buddhist","Colombo","Sri Lanka"
"Anura Bandaranaike","http://dbpedia.org/resource/Anura_Bandaranaike","Sri Lanka Freedom Party",1949-02-15,2008-03-16,"Joseph Michael Perera","Buddhist","Attanagalla","Sri Lanka"
"Anura Bandaranaike","http://dbpedia.org/resource/Anura_Bandaranaike","Sri Lanka Freedom Party",1949-02-15,2008-03-16,"Mangala Samaraweera","Buddhist","Colombo","Sri Lanka"
"Anura Bandaranaike","http://dbpedia.org/resource/Anura_Bandaranaike","Sri Lanka Freedom Party",1949-02-15,2008-03-16,"Mangala Samaraweera","Buddhist","Attanagalla","Sri Lanka"
"Anura Bandaranaike","http://dbpedia.org/resource/Anura_Bandaranaike","Sri Lanka Freedom Party",1949-02-15,2008-03-16,"Mangala Samaraweera","Buddhist","Sri Lanka","Sri Lanka"
"Aquileo Parra","http://dbpedia.org/resource/Aquileo_Parra","Colombian Liberal Party",1825-05-12,1900-12-04,"Julián Trujillo Largacha","Roman Catholic","Gran Colombia","Colombian people"
"Aquileo Parra","http://dbpedia.org/resource/Aquileo_Parra","Colombian Liberal Party",1825-05-12,1900-12-04,"Julián Trujillo Largacha","Roman Catholic","Santander Department","Colombian people"
"Aquileo Parra","http://dbpedia.org/resource/Aquileo_Parra","Colombian Liberal Party",1825-05-12,1900-12-04,"Julián Trujillo Largacha","Roman Catholic","Barichara","Colombian people"
"Armand Călinescu","http://dbpedia.org/resource/Armand_Călinescu","National Peasants' Party",1893-06-04,1939-09-21,"Gheorghe Argeşanu","Romanian Orthodox Church","Pitești","Romania"
"Armand Călinescu","http://dbpedia.org/resource/Armand_Călinescu","Peasants' Party (Romania)",1893-06-04,1939-09-21,"Gheorghe Argeşanu","Romanian Orthodox Church","Piteşti","Romania"
"Armand Călinescu","http://dbpedia.org/resource/Armand_Călinescu","National Renaissance Front",1893-06-04,1939-09-21,"Gheorghe Argeşanu","Romanian Orthodox Church","Piteşti","Romania"
"Armand Călinescu","http://dbpedia.org/resource/Armand_Călinescu","Peasants' Party (Romania)",1893-06-04,1939-09-21,"Gheorghe Argeşanu","Romanian Orthodox Church","Pitești","Romania"
"Armand Călinescu","http://dbpedia.org/resource/Armand_Călinescu","National Renaissance Front",1893-06-04,1939-09-21,"Gheorghe Argeşanu","Romanian Orthodox Church","Pitești","Romania"
"Armand Călinescu","http://dbpedia.org/resource/Armand_Călinescu","National Peasants' Party",1893-06-04,1939-09-21,"Gheorghe Argeşanu","Romanian Orthodox Church","Piteşti","Romania"
"Armand Călinescu","http://dbpedia.org/resource/Armand_Călinescu","National Renaissance Front",1893-06-04,1939-09-21,"Gheorghe Argeşanu","Romanian Orthodox Church","Kingdom of Romania","Romania"
"Armand Călinescu","http://dbpedia.org/resource/Armand_Călinescu","National Peasants' Party",1893-06-04,1939-09-21,"Gheorghe Argeşanu","Romanian Orthodox Church","Kingdom of Romania","Romania"
"Armand Călinescu","http://dbpedia.org/resource/Armand_Călinescu","Peasants' Party (Romania)",1893-06-04,1939-09-21,"Gheorghe Argeşanu","Romanian Orthodox Church","Kingdom of Romania","Romania"
"Arnold Wienholt","http://dbpedia.org/resource/Arnold_Wienholt","Nationalist Party of Australia",1877-11-25,1940-09-10,"Josiah Francis","Church of England","Queensland","Australia"
"Arnold Wienholt","http://dbpedia.org/resource/Arnold_Wienholt","Nationalist Party of Australia",1877-11-25,1940-09-10,"Ernest Bell","Church of England","Queensland","Australia"
"Arnold Wienholt","http://dbpedia.org/resource/Arnold_Wienholt","Nationalist Party of Australia",1877-11-25,1940-09-10,"Adolf Muller (politician)","Church of England","Queensland","Australia"
"Arnold Williams (American politician)","http://dbpedia.org/resource/Arnold_Williams_(American_politician)","Democratic Party (United States)",1898-05-21,1970-05-25,"C. A. Robins","The Church of Jesus Christ of Latter-day Saints","Utah","United States"
"Arnold Williams (American politician)","http://dbpedia.org/resource/Arnold_Williams_(American_politician)","Democratic Party (United States)",1898-05-21,1970-05-25,"C. A. Robins","The Church of Jesus Christ of Latter-day Saints","Fillmore, Utah","United States"
"Arthur Calwell","http://dbpedia.org/resource/Arthur_Calwell","Australian Labor Party",1896-08-28,1973-07-08,"Gough Whitlam","Roman Catholic","Melbourne, Victoria","Australia"
"Arthur Calwell","http://dbpedia.org/resource/Arthur_Calwell","Australian Labor Party",1896-08-28,1973-07-08,"Gough Whitlam","Roman Catholic","Melbourne","Australia"
"Arthur Calwell","http://dbpedia.org/resource/Arthur_Calwell","Australian Labor Party",1896-08-28,1973-07-08,"Ted Innes","Roman Catholic","Melbourne, Victoria","Australia"
"Arthur Calwell","http://dbpedia.org/resource/Arthur_Calwell","Australian Labor Party",1896-08-28,1973-07-08,"Ted Innes","Roman Catholic","Melbourne","Australia"
"Arthur Coburn","http://dbpedia.org/resource/Arthur_Coburn","Independent (politician)",1897-07-13,1969-08-29,"Val Bird","Methodist","Australia","Australian"
"Arthur Coburn","http://dbpedia.org/resource/Arthur_Coburn","Independent (politician)",1897-07-13,1969-08-29,"Val Bird","Methodist","Ravenswood, Queensland","Australian"
"Arthur Coburn","http://dbpedia.org/resource/Arthur_Coburn","Independent (politician)",1897-07-13,1969-08-29,"Val Bird","Methodist","Queensland","Australian"
"Ba Swe","http://dbpedia.org/resource/Ba_Swe","Anti-Fascist People's Freedom League",1915-10-17,1987-12-06,"U Nu","Theravada Buddhism","Dawei","Myanmar"
"Ba Swe","http://dbpedia.org/resource/Ba_Swe","Anti-Fascist People's Freedom League",1915-10-17,1987-12-06,"U Nu","Theravada Buddhism","British Burma","Myanmar"
"Barthélemy Boganda","http://dbpedia.org/resource/Barthélemy_Boganda","MESAN",1910-04-04,1959-03-29,"David Dacko","Roman Catholic Church","Oubangui-Chari","Central African Republic"
"Barthélemy Boganda","http://dbpedia.org/resource/Barthélemy_Boganda","MESAN",1910-04-04,1959-03-29,"David Dacko","Roman Catholic Church","Bobangui","Central African Republic"
"Bartolomé Calvo","http://dbpedia.org/resource/Bartolomé_Calvo","Colombian Conservative Party",1815-08-24,1889-01-02,"Tomás Cipriano de Mosquera","Roman Catholic","Cartagena, Colombia","Colombian people"
"Bartolomé Calvo","http://dbpedia.org/resource/Bartolomé_Calvo","Colombian Conservative Party",1815-08-24,1889-01-02,"Tomás Cipriano de Mosquera","Roman Catholic","Bolívar Department","Colombian people"
"Bartolomé Calvo","http://dbpedia.org/resource/Bartolomé_Calvo","Colombian Conservative Party",1815-08-24,1889-01-02,"Tomás Cipriano de Mosquera","Roman Catholic","United Provinces of New Granada","Colombian people"
"Bartolomé Calvo","http://dbpedia.org/resource/Bartolomé_Calvo","Colombian Conservative Party",1815-08-24,1889-01-02,"Tomás Cipriano de Mosquera","Roman Catholic","Cartagena de Indias","Colombian people"
"Bartolomé Calvo","http://dbpedia.org/resource/Bartolomé_Calvo","Colombian Conservative Party",1815-08-24,1889-01-02,"Francisco de Paula Urrutia Ordóñez","Roman Catholic","Bolívar Department","Colombian people"
"Bartolomé Calvo","http://dbpedia.org/resource/Bartolomé_Calvo","Colombian Conservative Party",1815-08-24,1889-01-02,"Francisco de Paula Urrutia Ordóñez","Roman Catholic","United Provinces of New Granada","Colombian people"
"Bartolomé Calvo","http://dbpedia.org/resource/Bartolomé_Calvo","Colombian Conservative Party",1815-08-24,1889-01-02,"Francisco de Paula Urrutia Ordóñez","Roman Catholic","Cartagena de Indias","Colombian people"
"Bartolomé Calvo","http://dbpedia.org/resource/Bartolomé_Calvo","Colombian Conservative Party",1815-08-24,1889-01-02,"Francisco de Paula Urrutia Ordóñez","Roman Catholic","Cartagena, Colombia","Colombian people"
"Barzilla W. Clark","http://dbpedia.org/resource/Barzilla_W._Clark","Democratic Party (United States)",1880-12-22,1943-09-21,"C. A. Bottolfsen","Methodism","Hendricks County, Indiana","United States"
"Beniamino Andreatta","http://dbpedia.org/resource/Beniamino_Andreatta","Christian Democracy (Italy)",1928-08-11,2007-03-26,"Leopoldo Elia","Roman Catholic Church","Trento","Italians"
"Beniamino Andreatta","http://dbpedia.org/resource/Beniamino_Andreatta","Italian People's Party (1994-2002)",1928-08-11,2007-03-26,"Leopoldo Elia","Roman Catholic Church","Trento","Italians"
"Beniamino Andreatta","http://dbpedia.org/resource/Beniamino_Andreatta","Christian Democracy (Italy)",1928-08-11,2007-03-26,"Leopoldo Elia","Roman Catholic Church","Italy","Italians"
"Beniamino Andreatta","http://dbpedia.org/resource/Beniamino_Andreatta","Italian People's Party (1994-2002)",1928-08-11,2007-03-26,"Leopoldo Elia","Roman Catholic Church","Italy","Italians"
"Beniamino Andreatta","http://dbpedia.org/resource/Beniamino_Andreatta","Christian Democracy (Italy)",1928-08-11,2007-03-26,"Giovanni Goria","Roman Catholic Church","Italy","Italians"
